model,code,trend,regime,days,strategy_ann_return,strategy_ann_vol,sharpe_excess_rf,max_drawdown,benchmark_ann_return,active_ann_return_vs_bh,tracking_error_ann,information_ratio,capm_alpha_ann,capm_beta,capm_r2,avg_position
HAR-YZ,sz.159845,ma5_gt_ma20,all,240,0.3489073431280483,0.1724486157830128,1.9072773743913547,-0.0861352739309261,0.4768428476752051,-0.1279355045471568,0.1107926802345272,-1.15472885281177,0.0177482269251507,0.7069586977602637,0.7090656465691925,0.8002338435337605
HAR-YZ,sh.512100,ma5_gt_ma20,all,355,0.3506832304501222,0.1814859112489036,1.8220876109583948,-0.0819918869167591,0.2442495493816452,0.1064336810684769,0.1337116310662452,0.7959941870408129,0.1521829648810674,0.6459777393724706,0.6534458694742488,0.813850407925165
HAR-YZ,sz.159845,ret20_gt_0,all,240,0.3812573277788378,0.2006553645279342,1.800387089718428,-0.1336353340883346,0.4768428476752051,-0.0955855198963673,0.0465750229654335,-2.0522914173828264,-0.0489627267685238,0.9514413127845838,0.9485937223419272,0.8958333333333334
HAR-YZ,sz.159845,close_gt_ma20,all,240,0.3608949707256064,0.1922767955884762,1.7729386933159257,-0.1336353340883344,0.4768428476752051,-0.1159478769495987,0.0710414435180394,-1.632116004514411,-0.0368566789892489,0.8783227329380751,0.8803842846531945,0.8952777971788421
HAR-YZ,sh.512100,ret20_gt_0,all,355,0.3267019635075414,0.2002640768570825,1.5314876652911529,-0.1312176093629237,0.2442495493816452,0.0824524141258962,0.1045474746494234,0.788660026484446,0.1070636924367423,0.7828318759104121,0.7881179912069495,0.8603676224503448
HAR-YZ,sh.588000,ret20_gt_0,all,795,0.3537941247992029,0.2780159840675644,1.2006292584892642,-0.1926829268292672,0.2097628844368506,0.1440312403623522,0.1856769874759859,0.7757086234554521,0.164890424655674,0.6903237268838873,0.6935197045252828,0.5187374626815919
HAR-YZ,sh.588000,close_gt_ma20,all,795,0.3561718606825463,0.2828914341562936,1.1883423111949585,-0.2420830757820105,0.2097628844368506,0.1464089762456957,0.1771422631020186,0.8265050569065879,0.1621564760179511,0.7162439101725013,0.7210660117226478,0.4864645430562768
HAR-YZ,sh.588000,ma5_gt_ma20,all,795,0.3491383375975601,0.2774124413736564,1.186458458632114,-0.2067498355756329,0.2097628844368506,0.1393754531607094,0.182746155514125,0.7626724226761457,0.1605246433787488,0.6936333449391716,0.7032355089196968,0.5008934773575686
HAR-YZ,sh.588080,close_gt_ma20,all,795,0.3374694431779543,0.2744607275777594,1.1567026218277796,-0.2378103886381594,0.2043183735822344,0.1331510695957198,0.1856900601505845,0.7170608350696942,0.1567948177571494,0.6837365862499734,0.689860429157908,0.4782577466252104
HAR-YZ,sh.588080,ma5_gt_ma20,all,795,0.2815234283419614,0.2503372227823108,1.0446845476486646,-0.2138683230936418,0.2043183735822344,0.0772050547597269,0.2167811264253188,0.3561428802997022,0.1333092593651639,0.5705057194222198,0.5773154255121831,0.4804048231606672
HAR-YZ,sh.588080,ret20_gt_0,all,795,0.2629599793575881,0.2517059193967335,0.965253339849508,-0.1978586261059592,0.2043183735822344,0.0586416057753536,0.2156661666660638,0.2719091579448059,0.1179047595242956,0.5757653373319555,0.5816318620910632,0.4942198201968414
HAR-YZ,sh.512100,close_gt_ma20,all,355,0.2085191772761034,0.1955935601916895,0.963831207384063,-0.1412897856988034,0.2442495493816452,-0.0357303721055417,0.1152276853701795,-0.3100849591029677,0.0219052869268198,0.7421542145718341,0.7425736901672355,0.8071586930120687
HAR-YZ,sz.159949,ret20_gt_0,all,1844,0.2675559389658279,0.2651240456273685,0.9337362757121151,-0.3494820316169653,0.2351880078486781,0.0323679311171498,0.1802970987490273,0.1795255239364992,0.086389501266511,0.680580104397235,0.6893900830463493,0.5860514474622027
HAR-YZ,sz.159949,close_gt_ma20,all,1844,0.1891216124587853,0.2692231882016373,0.6281836775965972,-0.3628340877525633,0.2351880078486781,-0.0460663953898927,0.1740959744184985,-0.2646034495844033,0.018463016068222,0.7015517230868259,0.7103939191646935,0.6105266349667028
HAR-YZ,sz.159949,ma5_gt_ma20,all,1844,0.1848180258408627,0.2720118266076242,0.6059222788081636,-0.4210207567493436,0.2351880078486781,-0.0503699820078153,0.1709088006068864,-0.2947184804349147,0.0125821207972667,0.7140204608026589,0.7208593074940242,0.6029829845161833
HAR-YZ,sz.159915,ma5_gt_ma20,all,2222,0.1510076241520757,0.2385549330627926,0.5491717252293908,-0.2935900324410772,0.0959330676946508,0.0550745564574248,0.1635163369494445,0.3368137856124593,0.0716545727355158,0.6759469354435551,0.6883739749503831,0.5125953195840562
HAR-YZ,sz.159915,ret20_gt_0,all,2222,0.1351005501359499,0.2395659356762063,0.480454576361466,-0.3432950710231689,0.0959330676946508,0.039167482441299,0.1621004131944796,0.2416248155660651,0.0573452291735904,0.6814545521813319,0.6937447403223029,0.5404463023833099
HAR-YZ,sz.159915,close_gt_ma20,all,2222,0.0871825094196838,0.2224264181226246,0.3020437499589004,-0.3727205885958672,0.0959330676946508,-0.0087505582749669,0.1795193633767761,-0.0487443700243145,0.0195511134952454,0.6005750238774833,0.6250832154783593,0.4439852847114524
HAR-YZ,sh.510050,ret20_gt_0,all,2223,0.0588881620200785,0.1372055736900939,0.2834298999245844,-0.2827720923864339,0.0273858715794605,0.0315022904406179,0.1235814878515471,0.2549110792262041,0.033310715508011,0.5513024392831064,0.5590642496875913,0.6239190209846237
HAR-YZ,sh.510050,ma5_gt_ma20,all,2223,0.0502322913253046,0.1364562136146258,0.2215530573835606,-0.3566140169211912,0.0273858715794605,0.022846419745844,0.1251649623805861,0.1825304726763344,0.02521582029588,0.542653980604173,0.5476268773019474,0.6157087990139234
HAR-YZ,sh.510050,close_gt_ma20,all,2223,0.0319662756402825,0.139937556667997,0.0855115376115407,-0.3646957285377212,0.0273858715794605,0.0045804040608219,0.120731058683825,0.0379389041291957,0.0074282293676754,0.5722905506668391,0.5791485563626018,0.6192078459085716
HAR-YZ,sh.510500,ma5_gt_ma20,all,2157,0.0327415524673317,0.1902861067809281,0.0669599724482294,-0.3090884572205414,0.0338413801793573,-0.0010998277120255,0.1123168479392429,-0.0097921881908624,0.0021564137392008,0.7366241408131067,0.7471112195979701,0.64817044898782
HAR-YZ,sh.510500,ret20_gt_0,all,2157,0.0223965591131687,0.1845718154305939,0.012984426184343,-0.4035284774540892,0.0338413801793573,-0.0114448210661886,0.1211489573078215,-0.0944690018017159,-0.0073010030358398,0.6944613237808299,0.7057857480414371,0.4899447006967015
HAR-YZ,sh.510500,close_gt_ma20,all,2157,0.0202289383270735,0.1782544154459512,0.0012843346769321,-0.4092560251797185,0.0338413801793573,-0.0136124418522838,0.1278517454340876,-0.106470520258181,-0.0091176697038594,0.6547348340792852,0.6726014926446892,0.5093558738784874
HAR-YZ,sh.510300,ma5_gt_ma20,all,2223,0.0079052969616126,0.1412256198479898,-0.0856409980809828,-0.4372517677073136,0.0409336038502932,-0.0330283068886805,0.1247358551154928,-0.2647859900274836,-0.0234945890288683,0.5604849843844544,0.5710269543716819,0.6515931740071079
HAR-YZ,sh.510300,ret20_gt_0,all,2223,0.0060300052977115,0.1511178008312246,-0.0924444018206085,-0.3730706532903922,0.0409336038502932,-0.0349035985525816,0.1079627348254995,-0.323293019660871,-0.0274798613360158,0.6541987851580181,0.6794286257464179,0.6992181881166777
HAR-YZ,sh.510300,close_gt_ma20,all,2223,0.005295239109504,0.1427703155410332,-0.1029959262523988,-0.3727353174166402,0.0409336038502932,-0.0356383647407891,0.1232976763346055,-0.289043279648464,-0.0262796765728948,0.5714548693893038,0.5808228056610528,0.6192330594708675
EGARCH,sh.588000,close_gt_ma20,all,836,0.2708445609004966,0.2734656293082846,0.917280030894534,-0.2867251963834983,0.2057340625863819,0.0651104983141146,0.177216052426252,0.3674074522183039,0.1018979244412515,0.6995622610342059,0.7112259108911138,0.4612877009545388
EGARCH,sh.588080,ret20_gt_0,all,836,0.2508053582513891,0.2582763498265515,0.8936372161306647,-0.2250402636581531,0.20069134784839,0.0501140104029991,0.1988727733746056,0.251990302908896,0.1011235098293798,0.6265623265351337,0.6313865346049112,0.3500122136474655
EGARCH,sh.588080,ma5_gt_ma20,all,836,0.2438643673870999,0.267840110444579,0.8358134523448142,-0.2464962142056364,0.20069134784839,0.0431730195387098,0.1862277362312706,0.2318291593530118,0.0881364524333949,0.6727073131142616,0.676763777598086,0.4262734295460158
EGARCH,sz.159915,ret20_gt_0,all,2263,0.1384358477070373,0.2082390734578403,0.568749398181584,-0.2747933974878368,0.0980826544200679,0.0403531932869694,0.1891927934556047,0.2132913867907898,0.0681606636764143,0.5448339030813956,0.5778832550228983,0.4249062297140254
EGARCH,sh.588000,ma5_gt_ma20,all,836,0.2397248459503373,0.2657431523919117,0.8268316378903052,-0.2909598605606714,0.2057340625863819,0.0339907833639554,0.1925556175441018,0.1765244961299059,0.0850312532827937,0.6543105045975681,0.6588763879544222,0.4280244608805654
EGARCH,sh.588080,close_gt_ma20,all,836,0.2323049525943725,0.2689231220401921,0.7894633640414243,-0.2579845852594327,0.20069134784839,0.0316136047459825,0.1855787058396742,0.1703514667964882,0.0782529131415722,0.6765412139638391,0.6789976425294981,0.4409885428509998
EGARCH,sh.510500,ma5_gt_ma20,all,2198,0.0486762572587782,0.1776237079727333,0.1614438612168835,-0.366398619926618,0.037643445850342,0.0110328114084361,0.1251586056895342,0.0881506417209848,0.0157762102770397,0.6609227420334715,0.6833656354144227,0.5942656865515036
EGARCH,sh.588000,ret20_gt_0,all,836,0.2136784050258642,0.2587202901046712,0.7486015300443085,-0.2926782294242589,0.2057340625863819,0.0079443424394822,0.2011497488149632,0.0394946674618532,0.0690894939068451,0.6217993888327463,0.6277690873546558,0.3660231969651788
EGARCH,sz.159949,ret20_gt_0,all,1885,0.1832121053611017,0.2483030828423406,0.6573100240754275,-0.3543780377249318,0.1868914706431221,-0.0036793652820203,0.2011809337680698,-0.0182888368848219,0.0565017315663832,0.6011354444590693,0.6137427956769259,0.5384912385097332
EGARCH,sz.159845,close_gt_ma20,all,281,0.3478483222249009,0.1870410368832035,1.752814931354468,-0.1123775367753879,0.3505243257228763,-0.0026760034979753,0.1169699535836855,-0.0228776999219789,0.0774663877815557,0.7156262811897062,0.7230947157857552,0.8447952369613805
EGARCH,sh.512100,ma5_gt_ma20,all,396,0.2806584170304493,0.1948768913073406,1.3375542645503546,-0.1353778187736057,0.2910585040643905,-0.0104000870339411,0.1324117131568905,-0.0785435577109284,0.0669885905767769,0.6795280490782389,0.6923100717218369,0.8068003103222524
EGARCH,sh.510500,close_gt_ma20,all,2198,0.0243293814256402,0.1619342906104491,0.0267354209495692,-0.3330191023010725,0.037643445850342,-0.0133140644247018,0.1460241211220201,-0.0911771584201242,-0.005704208480073,0.549634456905297,0.5686222681287727,0.4567430768588933
EGARCH,sz.159915,close_gt_ma20,all,2263,0.0693579752191899,0.1826580882145694,0.2702205837236666,-0.3459320719362783,0.0980826544200679,-0.0287246792008779,0.2139921338345175,-0.1342324069869365,0.014664273950693,0.4263864316415856,0.4600078511214043,0.354671757088883
EGARCH,sh.510050,close_gt_ma20,all,2264,0.0111014718653819,0.1416948774298787,-0.0628006339821406,-0.4342552261792836,0.0267861714301038,-0.0156846995647219,0.1150157743209672,-0.1363699862677241,-0.0129134104315498,0.6003745209357475,0.6124883607515781,0.6736391898199281
EGARCH,sh.510050,ma5_gt_ma20,all,2264,0.0116534105415737,0.1464961027883019,-0.0569748225349564,-0.4883417635259154,0.0267861714301038,-0.0151327608885301,0.1044593430992867,-0.1448674713007402,-0.0129805621749249,0.6546088063691928,0.6811977078209087,0.7047603673937117
EGARCH,sz.159915,ma5_gt_ma20,all,2263,0.0666239299391218,0.1781397645931615,0.2617266843570962,-0.3548306228252798,0.0980826544200679,-0.0314587244809461,0.2152500367502142,-0.1461496822760231,0.0128957603627359,0.4135328921070872,0.45491962918658,0.3796004148185796
EGARCH,sh.510500,ret20_gt_0,all,2198,0.0109454626573755,0.1805514542035668,-0.0501493459721224,-0.5076091508537941,0.037643445850342,-0.0266979831929665,0.1226602192898244,-0.2176580422531606,-0.0209722281663729,0.6778177572051588,0.6956287297614674,0.5008453584952499
EGARCH,sh.512100,close_gt_ma20,all,396,0.2539864037602068,0.1947822910468034,1.2012714426076,-0.1867931177923616,0.2910585040643905,-0.0370721003041836,0.1376330067693129,-0.269354722202068,0.0492487576313346,0.6668227368721564,0.6673112092079858,0.8206322622207957
EGARCH,sz.159949,ma5_gt_ma20,all,1885,0.1313338473510048,0.2619677696216699,0.4249906296174968,-0.5844766315400616,0.1868914706431221,-0.0555576232921173,0.1743291953315361,-0.3186937402335784,-0.0014083253948097,0.6825750974593527,0.7109042544841893,0.6492309596231765
EGARCH,sz.159949,close_gt_ma20,all,1885,0.1293942272556607,0.2640260282987144,0.4143312231773376,-0.3496628512209768,0.1868914706431221,-0.0574972433874614,0.1713518043459933,-0.3355508487752079,-0.0046178023218718,0.6926590065389958,0.7206948932729538,0.6336537158193284
EGARCH,sz.159845,ma5_gt_ma20,all,281,0.3023065310348569,0.1756750638780909,1.606981234575002,-0.120422281433038,0.3505243257228763,-0.0482177946880193,0.1351986494555935,-0.3566440558554296,0.068012755953916,0.6273677894617244,0.6299710929297024,0.8004757092453308
EGARCH,sz.159845,ret20_gt_0,all,281,0.3003380438016714,0.1909220237635564,1.4683379019114655,-0.1383166530704033,0.3505243257228763,-0.0501862819212048,0.1130367301297332,-0.4439820743541118,0.0349438949941387,0.7396313827656844,0.7413358957077565,0.8518779636977498
EGARCH,sh.510300,close_gt_ma20,all,2264,-0.0145410874903748,0.1412769169760634,-0.2444920814362559,-0.5152816487200629,0.0435421636083042,-0.058083251098679,0.117737741897863,-0.4933273745734483,-0.0482512181230203,0.5853128412152191,0.6133450545841861,0.6900614594867341
EGARCH,sh.510050,ret20_gt_0,all,2264,-0.0209760634033023,0.1496417515340765,-0.2738277451528711,-0.4414583583221608,0.0267861714301038,-0.0477622348334062,0.0956619973289697,-0.4992811792247849,-0.0462344088853768,0.6940633208093715,0.7339293498509583,0.6974458018073915
EGARCH,sh.512100,ret20_gt_0,all,396,0.2105610941056672,0.1948259174563407,0.9781095687557628,-0.1818472021335991,0.2910585040643905,-0.0804974099587232,0.1378585206278051,-0.5839132002297684,0.0140933676279517,0.6664264330168962,0.6662197896958606,0.7701875835500466
EGARCH,sh.510300,ma5_gt_ma20,all,2264,-0.0196493632059684,0.1495282019285856,-0.2651631110023304,-0.5086575454232753,0.0435421636083042,-0.0631915268142726,0.1070927071834745,-0.5900637725593297,-0.0549548753248544,0.6523772502342916,0.6801779910444921,0.7363056162620351
EGARCH,sh.510300,ret20_gt_0,all,2264,-0.0225514454154646,0.1509329385890688,-0.2819228580138859,-0.4840353755889972,0.0435421636083042,-0.0660936090237688,0.1030430448073181,-0.6414174692465497,-0.0584805567478385,0.6701905130314946,0.7045303031968093,0.7105382978133337
