code,trend,regime,days,period_start,period_end,strategy_ann_return,strategy_ann_vol,strategy_sharpe_rf,strategy_max_drawdown,benchmark_ann_return,active_ann_return,information_ratio,capm_alpha_ann,capm_beta,avg_position
sh.512100,close_gt_ma20,bear_close_le_ma200,11,2024-09-13,2025-04-09,1.1254711844075782,0.13802464746552187,8.009230269425043,-0.0001325995003923497,-0.06061436431038125,1.1860855487179593,2.0778669912968097,,,0.17077597042072387
sh.512100,ret20_gt_0,bear_close_le_ma200,11,2024-09-13,2025-04-09,1.1254711844075782,0.13802464746552187,8.009230269425043,-0.0001325995003923497,-0.06061436431038125,1.1860855487179593,2.0778669912968097,,,0.17077597042072387
sh.512100,ma5_gt_ma20,bear_close_le_ma200,11,2024-09-13,2025-04-09,0.9160582093470815,0.13847628311343432,6.470842437423496,-0.00012381823316343077,-0.06061436431038125,0.9766725736574627,1.7074478014896424,,,0.11050347024236135
sz.159949,ret20_gt_0,bear_close_le_ma200,829,2018-07-30,2025-06-23,-0.05622464813302208,0.0870462894027092,-0.8756794649841754,-0.2788772384866104,-0.2955502128594286,0.23932556472640654,0.9586320247234698,-0.02354623406781894,0.1523566941670734,0.17576427043860945
sz.159915,ret20_gt_0,bear_close_le_ma200,1124,2017-01-09,2025-06-23,-0.07303233554205268,0.0884760348741158,-1.051497568515809,-0.3187421564569092,-0.26166048236897244,0.18862814682691975,0.8563151143762046,-0.04186785085640779,0.17072410008631952,0.22663079374274914
sz.159949,ma5_gt_ma20,bear_close_le_ma200,829,2018-07-30,2025-06-23,-0.07460556442842636,0.08821022207320853,-1.0725011478818196,-0.2684401102821742,-0.2955502128594286,0.22094464843100226,0.8879086430678741,-0.04183022949547601,0.15623502310538398,0.2035346470507949
sh.510500,ret20_gt_0,bear_close_le_ma200,1049,2017-04-20,2025-06-20,-0.09598460559787958,0.10263833668885776,-1.1300320069437628,-0.39025227223434344,-0.23705583037311895,0.14107122477523937,0.7271710807258792,-0.05172699417495955,0.2409234410855908,0.26446131681758356
sz.159915,close_gt_ma20,bear_close_le_ma200,1124,2017-01-09,2025-06-23,-0.08621432163923448,0.09024673284964602,-1.1769325967311304,-0.3699073239359272,-0.26166048236897244,0.17544616072973795,0.8018795316595284,-0.05373740823894599,0.1785612894002545,0.24898320209103814
sh.510500,close_gt_ma20,bear_close_le_ma200,1049,2017-04-20,2025-06-20,-0.08070960190082188,0.07879204289836124,-1.2781697008508013,-0.35257069469520896,-0.23705583037311895,0.15634622847229707,0.7522036719992539,-0.0622282564474017,0.14635645759385982,0.2925875025390747
sz.159915,ma5_gt_ma20,bear_close_le_ma200,1124,2017-01-09,2025-06-23,-0.0949842175615242,0.08882266473722664,-1.2945369056613425,-0.4166242954955187,-0.26166048236897244,0.16667626480744824,0.7594526760645858,-0.06480070607004909,0.1741033570811019,0.25438471597103246
sz.159949,close_gt_ma20,bear_close_le_ma200,829,2018-07-30,2025-06-23,-0.0961208776564183,0.08633931825534474,-1.3449362353429282,-0.3240631892042243,-0.2955502128594286,0.19942933520301032,0.7985670172572925,-0.06712669689135214,0.15132218647182133,0.20098786124972734
sh.510500,ma5_gt_ma20,bear_close_le_ma200,1049,2017-04-20,2025-06-20,-0.12468825789657412,0.1045326892305186,-1.384143648859002,-0.467196778713721,-0.23705583037311895,0.11236757247654483,0.585006236945253,-0.0809133659655086,0.2517642036616037,0.2797781754529959
sh.510050,ret20_gt_0,bear_close_le_ma200,1054,2017-05-05,2026-05-28,-0.10421578532999265,0.08202327326724396,-1.5143968337532598,-0.37934043250582505,-0.22222989447318364,0.11801410914319099,0.729334424056139,-0.06926948897717973,0.2258701566837957,0.2805295668167854
sh.588080,close_gt_ma20,bear_close_le_ma200,409,2022-11-24,2026-04-07,-0.11927579733575722,0.09015200486579707,-1.5448996119729923,-0.272360139533003,-0.29459904146878346,0.17532324413302625,0.9040885553355305,-0.06723944951481939,0.22049585871231892,0.2113953287873096
sh.510050,close_gt_ma20,bear_close_le_ma200,1054,2017-05-05,2026-05-28,-0.11043564732386324,0.08417197490990343,-1.5496327306503124,-0.39694055872723166,-0.22222989447318364,0.1117942471493204,0.6990477565334775,-0.07261303288106391,0.2394568300709578,0.2945485598010679
sh.510050,ma5_gt_ma20,bear_close_le_ma200,1054,2017-05-05,2026-05-28,-0.11392162887135604,0.0808385063402562,-1.6566563997071941,-0.4055043193742782,-0.22222989447318364,0.1083082656018276,0.6715808886453516,-0.08032247072808238,0.2255964376359655,0.290001483222018
sh.588080,ret20_gt_0,bear_close_le_ma200,409,2022-11-24,2026-04-07,-0.12676172983785816,0.08543970901624041,-1.7177227255064929,-0.2466585327383215,-0.29459904146878346,0.1678373116309253,0.851864232572949,-0.08280833236774444,0.2011560145367755,0.17705929462574974
sh.510300,close_gt_ma20,bear_close_le_ma200,985,2017-05-04,2026-04-07,-0.11286206499331664,0.07503672976331559,-1.7706270704013416,-0.3853149634071441,-0.23515015724545896,0.12228809225214232,0.7151126142276178,-0.08878722460455302,0.17791625981796488,0.2613340339740932
sh.588000,close_gt_ma20,bear_close_le_ma200,400,2022-11-24,2026-04-07,-0.12552860032709168,0.08212645870674053,-1.7720062768900007,-0.24155752529474528,-0.30662804706042357,0.1810994467333319,0.9413061348401968,-0.08099997963172774,0.192466537016787,0.21389420688224584
sh.588000,ma5_gt_ma20,bear_close_le_ma200,400,2022-11-24,2026-04-07,-0.12765060335396838,0.08245928450447892,-1.7905879761295826,-0.22572963500299348,-0.30662804706042357,0.17897744370645519,0.9270233827434724,-0.08415124767599465,0.19037907792471537,0.21712314563137164
sh.510300,ma5_gt_ma20,bear_close_le_ma200,985,2017-05-04,2026-04-07,-0.12453774499180637,0.08038415320974229,-1.7980875486076384,-0.417702579969787,-0.23515015724545896,0.11061241225365259,0.6618657326315297,-0.09372661093634149,0.20716323061670075,0.27512163204701096
sh.510300,ret20_gt_0,bear_close_le_ma200,985,2017-05-04,2026-04-07,-0.12832434821864225,0.0815349095736247,-1.8191514407053797,-0.4194250185660796,-0.23515015724545896,0.10682580902681671,0.6350667242577587,-0.09858948283385194,0.20471991602586403,0.24276728605806422
sh.588080,ma5_gt_ma20,bear_close_le_ma200,409,2022-11-24,2026-04-07,-0.1347551973821739,0.08328759961571221,-1.8580820926069685,-0.24405875995989024,-0.29459904146878346,0.15984384408660957,0.7943215500989262,-0.09877786246900552,0.18181706502883285,0.2174406949062617
sh.588000,ret20_gt_0,bear_close_le_ma200,400,2022-11-24,2026-04-07,-0.12900989284810238,0.07532562802383858,-1.9782097641581518,-0.21021172176303382,-0.30662804706042357,0.1776181542123212,0.902230628315263,-0.09584611234938316,0.16389416518489486,0.16413080342650738
sz.159845,close_gt_ma20,bear_close_le_ma200,2,2025-04-07,2025-04-08,0.0,0.0,,0.0,-0.999999625262942,0.999999625262942,1.0095379548957455,,,0.0
sz.159845,ma5_gt_ma20,bear_close_le_ma200,2,2025-04-07,2025-04-08,0.0,0.0,,0.0,-0.999999625262942,0.999999625262942,1.0095379548957455,,,0.0
sz.159845,ret20_gt_0,bear_close_le_ma200,2,2025-04-07,2025-04-08,0.0,0.0,,0.0,-0.999999625262942,0.999999625262942,1.0095379548957455,,,0.0
sh.588080,ma5_gt_ma20,bull_close_gt_ma200,439,2023-02-02,2026-05-28,0.44885207492412493,0.1694465975006128,2.5308981192294167,-0.09182564842485741,0.9404386094355892,-0.4915865345114643,-1.8466400005963124,0.10481876460642066,0.3628149575427382,0.3436699773475421
sh.588080,close_gt_ma20,bull_close_gt_ma200,439,2023-02-02,2026-05-28,0.4435545957358247,0.16793956032825771,2.522065646164234,-0.07775807810041335,0.9404386094355892,-0.49688401369976454,-1.8417098162837886,0.10657780594236277,0.3548996593624907,0.35206876685871075
sh.588080,ret20_gt_0,bull_close_gt_ma200,439,2023-02-02,2026-05-28,0.4380811040039372,0.1665671628785186,2.50998514220269,-0.09813106461977039,0.9404386094355892,-0.502357505431652,-1.8696950628997275,0.10221988168570083,0.3553521737713591,0.3317940692456568
sh.588000,ret20_gt_0,bull_close_gt_ma200,448,2023-01-20,2026-05-28,0.4297218828487843,0.16744340458112106,2.4469275685940017,-0.08492222811404537,0.9462993139181013,-0.516577431069317,-1.887711816796584,0.09799020746846178,0.3510226531683124,0.3429422036066412
sh.588000,close_gt_ma20,bull_close_gt_ma200,448,2023-01-20,2026-05-28,0.41733300389346994,0.1678127977850641,2.3677157471766668,-0.08823723411089734,0.9462993139181013,-0.5289663100246313,-1.9208108820218117,0.09124025388314894,0.3483885190996724,0.35744171290729676
sh.588000,ma5_gt_ma20,bull_close_gt_ma200,448,2023-01-20,2026-05-28,0.41046989473132256,0.16552414557052142,2.3589905471825148,-0.08511425584098875,0.9462993139181013,-0.5358294191867787,-1.92527870520095,0.09149460184764154,0.3408111516166665,0.35240545787911887
sz.159949,ma5_gt_ma20,bull_close_gt_ma200,1068,2019-02-25,2026-05-28,0.2955497514309833,0.15245627833661943,1.8074017970094791,-0.1281428998830597,0.7526740228777318,-0.4571242714467485,-1.8813514202558492,0.036794431252561315,0.35502126548280544,0.39751090498458247
sz.159949,close_gt_ma20,bull_close_gt_ma200,1068,2019-02-25,2026-05-28,0.28164595960746563,0.14892305962738284,1.7569203873605894,-0.11572416287708065,0.7526740228777318,-0.47102806327026614,-1.8877121985341647,0.03592773945546827,0.33764924638604704,0.40050569899461835
sh.512100,ma5_gt_ma20,bull_close_gt_ma200,397,2024-09-27,2026-05-28,0.2540272063072535,0.1369941596855797,1.7083006081746688,-0.07644139407733008,0.5099397225079678,-0.2559125162007143,-1.4605586626669262,0.040567238191827455,0.41165332674169436,0.5133591516008891
sz.159949,ret20_gt_0,bull_close_gt_ma200,1068,2019-02-25,2026-05-28,0.2772079157285896,0.15165768775499136,1.6959767720059042,-0.13026013745253295,0.7526740228777318,-0.47546610714914217,-1.9371514666307272,0.025935529302094584,0.3491523746021853,0.4110799866604045
sz.159915,ret20_gt_0,bull_close_gt_ma200,1151,2017-09-06,2026-05-28,0.26804636048646646,0.15271100265121065,1.624286110235293,-0.11472881515665512,0.5972264229226711,-0.3291800624362047,-1.4764760387149007,0.04188945162498726,0.37439397805202235,0.4624496526848063
sz.159915,ma5_gt_ma20,bull_close_gt_ma200,1151,2017-09-06,2026-05-28,0.24431507965221222,0.15115104564122053,1.4840458344208707,-0.14728380130190333,0.5972264229226711,-0.3529113432704589,-1.5792998333290347,0.024420303952975703,0.37105200398296573,0.4485326970530712
sz.159845,ma5_gt_ma20,bull_close_gt_ma200,291,2025-03-13,2026-05-28,0.1944192638969604,0.1266802973184152,1.3768460256968904,-0.07691478281420072,0.42299852089672374,-0.22857925699976334,-1.749907986941551,-0.006117924795211151,0.48724910918372144,0.5704667431014864
sz.159915,close_gt_ma20,bull_close_gt_ma200,1151,2017-09-06,2026-05-28,0.2128351047684649,0.14795873351938668,1.3033032939768856,-0.11592383789683447,0.5972264229226711,-0.38439131815420624,-1.6765330484251644,0.006847415768383201,0.35397015712301866,0.4497898158153196
sh.512100,ret20_gt_0,bull_close_gt_ma200,397,2024-09-27,2026-05-28,0.1891417429417963,0.14210757707187355,1.19023732883891,-0.1307307331842904,0.5099397225079678,-0.3207979795661715,-1.8799524346142231,-0.021377618162117303,0.43393124130167376,0.5107845808588075
sh.510500,ret20_gt_0,bull_close_gt_ma200,1161,2017-07-31,2026-05-28,0.17512543614641407,0.1318711805862618,1.1763406944320243,-0.09844478083114006,0.3520840870754818,-0.1769586509290677,-1.319466895003686,-0.0001887508582876612,0.49350321052112744,0.575700285405397
sh.510500,ma5_gt_ma20,bull_close_gt_ma200,1161,2017-07-31,2026-05-28,0.16811104362812745,0.12769626746707372,1.1598697954606831,-0.18862012730359956,0.3520840870754818,-0.18397304344735432,-1.3125511911596934,0.002388810338111188,0.4636244839000975,0.5517980344522563
sh.510050,ret20_gt_0,bull_close_gt_ma200,1222,2017-01-09,2026-05-14,0.17083003557429532,0.13010055866580053,1.1593342651336667,-0.09410066060514566,0.30902206378172936,-0.13819202820743404,-1.335533800567784,-0.012133533647505471,0.5965549561065464,0.6073310352800588
sh.510300,ret20_gt_0,bull_close_gt_ma200,1291,2017-01-09,2026-05-28,0.16918177409103352,0.12964789705083754,1.1506686763498861,-0.08298079073801734,0.31874912086340124,-0.14956734677236772,-1.3673020878048128,-0.011520806760314752,0.5705663837018496,0.6288712672627792
sh.512100,close_gt_ma20,bull_close_gt_ma200,397,2024-09-27,2026-05-28,0.1724684740954987,0.13513262656790256,1.128287653158914,-0.10211613650252094,0.5099397225079678,-0.3374712484124691,-1.896922926243709,-0.022389855279365538,0.4008728026307805,0.50372133472509
sz.159845,ret20_gt_0,bull_close_gt_ma200,291,2025-03-13,2026-05-28,0.1678402024683101,0.13191997105896774,1.120680980154446,-0.11816818934568607,0.42299852089672374,-0.25515831842841363,-2.013569326314775,-0.03842617769184796,0.5169036453442674,0.5781964530346312
sz.159845,close_gt_ma20,bull_close_gt_ma200,291,2025-03-13,2026-05-28,0.1466633902345127,0.12223243156188247,1.036250270210709,-0.08306632663975111,0.42299852089672374,-0.27633513066221105,-1.9868725949608947,-0.03246398188727488,0.44467197459688845,0.5582736554083496
sh.510050,close_gt_ma20,bull_close_gt_ma200,1222,2017-01-09,2026-05-14,0.15073791459362784,0.1284009082318952,1.0182008553826734,-0.11305974005125974,0.30902206378172936,-0.15828414918810152,-1.47908102025179,-0.02479395892403264,0.5781597303193288,0.5802558087119905
sh.510500,close_gt_ma20,bull_close_gt_ma200,1161,2017-07-31,2026-05-28,0.13986776348921914,0.12367584782117443,0.9692091511880195,-0.16774419336337498,0.3520840870754818,-0.21221632358626263,-1.4469617202454563,-0.013060105106885529,0.43231412962583915,0.547911142805124
sh.510050,ma5_gt_ma20,bull_close_gt_ma200,1222,2017-01-09,2026-05-14,0.14142683747430862,0.12720700721545108,0.9545609171407313,-0.1072887355589891,0.30902206378172936,-0.16759522630742074,-1.5491496185648932,-0.030775538739455665,0.5695128085277458,0.5847334633828236
sh.510300,close_gt_ma20,bull_close_gt_ma200,1291,2017-01-09,2026-05-28,0.11998518112282186,0.1251229634620995,0.799095372713962,-0.10715245650739547,0.31874912086340124,-0.19876393974057938,-1.724132118402292,-0.045212839420817275,0.5344690387470341,0.6110335605965478
sh.510300,ma5_gt_ma20,bull_close_gt_ma200,1291,2017-01-09,2026-05-28,0.10419944649841151,0.12673713344433227,0.6643628762157152,-0.11718818297828038,0.31874912086340124,-0.21454967436498973,-1.906014035455747,-0.06330435712436133,0.5494201817557205,0.6147757631676095
