code,trend,risk_free_annual,days,strategy_ann_return,strategy_ann_vol,sharpe_excess_rf,benchmark_ann_return,active_ann_return_vs_bh,tracking_error_ann,information_ratio,capm_alpha_ann,capm_beta,capm_r2,max_drawdown,avg_position
sz.159845,ma5_gt_ma20,0.02,492,0.21869308787708763,0.12797955913576198,1.5525376803830997,0.27879963915485195,-0.06010655127776432,0.1931327434193124,-0.31121885504037183,0.0945165988508601,0.35088100635876623,0.527312578915031,-0.07691478281420128,0.4318032442087444
sh.512100,ma5_gt_ma20,0.02,607,0.15416927377589995,0.11994287561146888,1.118609780630195,0.14665902357656035,0.0075102501993395965,0.2148107791820654,0.03496216636770446,0.0861722296227871,0.2885092206183061,0.43440386337783954,-0.07644139407733042,0.3893817071168636
sz.159845,ret20_gt_0,0.02,492,0.14470539219293888,0.13229435052074956,0.94263580948137,0.27879963915485195,-0.13409424696191308,0.1904015695360066,-0.7042707015950028,0.028367446385531524,0.3663515462549626,0.5379514616637882,-0.11816818934568585,0.44271265671696175
sz.159845,close_gt_ma20,0.02,492,0.1256553115872181,0.12658835210665834,0.8346369142889001,0.27879963915485195,-0.15314432756763385,0.19542159695952865,-0.7836612224561326,0.017195769285390735,0.3420178912827702,0.5120823278286013,-0.093861822898484,0.428240517173525
sh.588080,close_gt_ma20,0.02,1047,0.1195393602611996,0.1287046702365034,0.7733935379212689,0.09039692874866345,0.02914243151253615,0.23740099191987163,0.12275614889752609,0.066121675347799,0.3031252495608862,0.5606049029307334,-0.2206668483909242,0.27113876544965787
sh.588000,close_gt_ma20,0.02,1047,0.11584536672326062,0.1278471685781204,0.7496870504777333,0.0959847717482114,0.019860594975049217,0.23975997447519695,0.08283532319571457,0.06162564898750582,0.29829695066445455,0.5551836476562347,-0.21759605944638694,0.27996973794866764
sh.588000,ret20_gt_0,0.02,1047,0.10657202131802812,0.12583663074482226,0.6879715453728504,0.0959847717482114,0.010587249569816715,0.2407905244759685,0.04396871344027223,0.053620066246412246,0.2933682504025147,0.5542852541630772,-0.21848609714177303,0.24939034012422306
sh.588080,ret20_gt_0,0.02,1047,0.10307465788500814,0.12647681010172096,0.6568370740706856,0.09039692874866345,0.012677729136344684,0.2384160248128077,0.05317481971397939,0.05161818663450878,0.29792326387108475,0.5607745612295583,-0.23045583938828929,0.24489475906603775
sh.588080,ma5_gt_ma20,0.02,1047,0.10149870280371798,0.12854001649504826,0.6340337042578297,0.09039692874866345,0.011101774055054525,0.2372623790800401,0.0467911267605951,0.049842990286096296,0.30324120518780695,0.5624721223485711,-0.21371879130760918,0.2730911240945695
sh.588000,ma5_gt_ma20,0.02,1047,0.09767338995489583,0.12735975637194774,0.6098738892688724,0.0959847717482114,0.0016886182066844224,0.24065799003345825,0.0070166721098670224,0.045480181625660955,0.2955718782650139,0.5492664218538206,-0.21064557962479413,0.2796541312232562
sh.512100,ret20_gt_0,0.02,607,0.09568148680489497,0.12690419061551395,0.596367121036923,0.14665902357656035,-0.05097753677166539,0.21033797132476925,-0.24236012380738556,0.031280055621031165,0.3126168241579254,0.45561284961085113,-0.13073073318429096,0.40829647707350947
sh.512100,close_gt_ma20,0.02,607,0.09027803417672864,0.11882586707537722,0.5914371668935329,0.14665902357656035,-0.056380989399831716,0.21608019173158197,-0.26092622811936883,0.029904508996270604,0.28309041981972444,0.4261392707099768,-0.1096566253474257,0.3874044083697407
sz.159949,ret20_gt_0,0.02,2096,0.08539336083988136,0.12519754785645854,0.5223214189055535,0.12572286397291688,-0.040329503133035516,0.24810617728999454,-0.1625493712955687,0.028602010179307927,0.27640574158128733,0.5000996276646146,-0.2592783663299558,0.2952585289062468
sz.159949,ma5_gt_ma20,0.02,2096,0.07777119887270278,0.12691170337660804,0.4552078124841478,0.12572286397291688,-0.04795166510021409,0.24626932374182842,-0.19471229453849181,0.020792328624078905,0.28293707293843284,0.5099533192911803,-0.31227201195678855,0.3054665947148059
sz.159949,close_gt_ma20,0.02,2096,0.0671214165294014,0.12377744728205411,0.38069468682792346,0.12572286397291688,-0.058601447443515475,0.25012387004946,-0.23428970386523887,0.012432144772547915,0.26978379351796367,0.48741930630446373,-0.291877567708961,0.3045605391446217
sz.159915,ret20_gt_0,0.02,2474,0.06406808612233328,0.12440383511311891,0.3542341446488583,0.07736452151515283,-0.01329643539281955,0.21951401079214816,-0.06057214910719108,0.021222633915574704,0.3011397122032832,0.4819169045802325,-0.27573214019603287,0.3435139135474683
sz.159915,ma5_gt_ma20,0.02,2474,0.045603778751897917,0.1239471928915234,0.2065700574139338,0.07736452151515283,-0.03176074276325491,0.21909186582306286,-0.14496541276847164,0.003620979807963547,0.30157590083818353,0.4868817692266103,-0.34006999766386725,0.35425830269634495
sh.510050,ret20_gt_0,0.02,2475,0.034157648446164535,0.10918057623212359,0.1296718604604599,0.034859649922174496,-0.0007020014760099613,0.1304489295592589,-0.005381427646679644,0.006753277660292225,0.4216796524811208,0.4853377624006998,-0.24478266172511554,0.4674539783904778
sh.510300,ret20_gt_0,0.02,2475,0.03208662083626712,0.11111621578541131,0.10877459019670827,0.047591031206994705,-0.015504410370727584,0.1346895048100314,-0.11511223827420923,-0.00028494770582400403,0.4155737409978369,0.4800051933502384,-0.24837773653229855,0.4716388656678971
sz.159915,close_gt_ma20,0.02,2474,0.02830408422441355,0.12239183022988746,0.06784835400219168,0.07736452151515283,-0.04906043729073928,0.2216715611139227,-0.22132039420936753,-0.012376060681188874,0.2923339870620064,0.46919934568138766,-0.3916038411018571,0.35089300317673033
sh.510500,ret20_gt_0,0.02,2409,0.025262448704741258,0.11772875780973384,0.044699772618395514,0.034619082470710216,-0.009356633765968958,0.1612145412236165,-0.05803839836625292,-0.0018991051771436362,0.37085812441606136,0.46603294380222215,-0.2846152431972927,0.44010619053055416
sh.510050,ma5_gt_ma20,0.02,2475,0.021286281617149516,0.1070618482487207,0.012014378961227075,0.034859649922174496,-0.01357336830502498,0.13208792585096016,-0.10276009875679575,-0.0055839538223209665,0.4080263950727996,0.47258137418891255,-0.2878659154399793,0.4540965177780942
sh.510500,close_gt_ma20,0.02,2409,0.018671519916332313,0.10443689837742999,-0.01272040920697035,0.034619082470710216,-0.015947562554377903,0.17380151690811457,-0.09175732662223578,-0.0070012769507717,0.2945250178009198,0.37351031258646694,-0.27556965177558235,0.4395862957160946
sh.510050,close_gt_ma20,0.02,2475,0.018032882385216498,0.10904524966836146,-0.018039461790092495,0.034859649922174496,-0.016826767536958,0.13086250156351303,-0.12858356928773262,-0.00891586474004608,0.41956505429408447,0.48167562744067505,-0.24281576181571485,0.45818935864450966
sh.510300,close_gt_ma20,0.02,2475,0.01075170446710616,0.10641044429612113,-0.08691153950224563,0.047591031206994705,-0.036839326739888545,0.13860149009167605,-0.2657931506762422,-0.02036672899282455,0.3850820939869069,0.4494100311648974,-0.3296744091715116,0.46844290875871747
sh.510500,ma5_gt_ma20,0.02,2409,0.004808777120280716,0.11662030533327089,-0.1302622458096527,0.034619082470710216,-0.0298103053504295,0.16239977551986923,-0.1835612472677481,-0.021917645465458328,0.36400902717050454,0.4575537360831482,-0.3943157206234641,0.4363740036951846
sh.510300,ma5_gt_ma20,0.02,2475,0.005228894356191782,0.10869443561971356,-0.13589569290821388,0.047591031206994705,-0.04236213685080292,0.13574925851675557,-0.31206164448827656,-0.026408335642628337,0.40364174810842074,0.4732407767153265,-0.3461969442184012,0.47257485143439637
