code,name,benchmark,source_note
sh.510050,ChinaAMC SSE 50 ETF,SSE 50,large liquid broad ETF
sh.510300,Huatai-PB CSI 300 ETF,CSI 300,large liquid broad ETF
sh.510500,China Southern CSI 500 ETF,CSI 500,large liquid broad ETF
sh.512100,China Southern CSI 1000 ETF,CSI 1000,large liquid broad ETF
sz.159915,E Fund ChiNext ETF,ChiNext,large liquid broad ETF
sz.159949,ChinaAMC ChiNext 50 ETF,ChiNext 50,large liquid broad ETF
sz.159845,ChinaAMC CSI 1000 ETF,CSI 1000,large liquid broad ETF
sh.588000,ChinaAMC STAR 50 ETF,STAR 50,large liquid broad ETF
sh.588080,E Fund STAR 50 ETF,STAR 50,large liquid broad ETF
